License to Krill,TOMO,Rainmaker on Goby Arena,Splat Zones on Moray Towers,Tower Control on Walleye Warehouse,Clam Blitz on Port Mackerel,Rainmaker on Sturgeon Shipyard,Splat Zones on Starfish Mainstage,Tower Control on Inkblot Art Academy,Clam Blitz on Piranha Pit,Rainmaker on MakoMart
Prophecy,License to Krill,Rainmaker on Starfish Mainstage,Splat Zones on Blackbelly Skatepark,Clam Blitz on Moray Towers,Tower Control on The Reef,Rainmaker on Humpback Pump Track,Splat Zones on Kelp Dome,Clam Blitz on Sturgeon Shipyard,Tower Control on Inkblot Art Academy,Rainmaker on Walleye Warehouse
Atramentum,Prophecy,Rainmaker on MakoMart,Splat Zones on Piranha Pit,Tower Control on Inkblot Art Academy,Rainmaker on Musselforge Fitness,Splat Zones on Snapper Canal,Tower Control on Sturgeon Shipyard,Rainmaker on Starfish Mainstage,Splat Zones on Moray Towers,Tower Control on Port Mackerel
Blue Ringed Octolings,Atramentum,Tower Control on The Reef,Rainmaker on MakoMart,Splat Zones on Starfish Mainstage,Tower Control on Walleye Warehouse,Rainmaker on Moray Towers,Splat Zones on Piranha Pit,Tower Control on Sturgeon Shipyard,Rainmaker on Kelp Dome,Splat Zones on Manta Maria
Instant Ramen,Seafood Sorbet,Rainmaker on Inkblot Art Academy,Splat Zones on Goby Arena,Rainmaker on Port Mackerel,Splat Zones on Walleye Warehouse,Rainmaker on Sturgeon Shipyard,Splat Zones on Humpback Pump Track,Rainmaker on Starfish Mainstage,Splat Zones on Manta Maria,Rainmaker on MakoMart
Red Horizon,Komodo,Splat Zones on Blackbelly Skatepark,Rainmaker on Shellendorf Institute,Tower Control on Piranha Pit,Splat Zones on Port Mackerel,Rainmaker on Sturgeon Shipyard,Tower Control on Kelp Dome,Splat Zones on MakoMart,Rainmaker on Snapper Canal,Tower Control on Moray Towers
Tekkadan,Blue Ringed Octolings,Tower Control on The Reef,Rainmaker on Goby Arena,Splat Zones on MakoMart,Tower Control on Kelp Dome,Rainmaker on Humpback Pump Track,Splat Zones on Inkblot Art Academy,Tower Control on Blackbelly Skatepark,Rainmaker on Piranha Pit,Splat Zones on Musselforge Fitness
OverFlow,Red Horizon,Rainmaker on Manta Maria,Tower Control on Goby Arena,Splat Zones on Port Mackerel,Rainmaker on Kelp Dome,Tower Control on Starfish Mainstage,Splat Zones on Moray Towers,Rainmaker on MakoMart,Tower Control on Walleye Warehouse,Splat Zones on Shellendorf Institute
Sunken Hope,EnviZion,Splat Zones on Snapper Canal,Rainmaker on Inkblot Art Academy,Tower Control on Sturgeon Shipyard,Splat Zones on Humpback Pump Track,Rainmaker on Port Mackerel,Tower Control on Piranha Pit,Splat Zones on Musselforge Fitness,Rainmaker on Walleye Warehouse,Tower Control on Starfish Mainstage
Killer Bees,Notorious,Tower Control on Musselforge Fitness,Clam Blitz on Shellendorf Institute,Splat Zones on Sturgeon Shipyard,Rainmaker on Manta Maria,Tower Control on Starfish Mainstage,Clam Blitz on Humpback Pump Track,Splat Zones on Walleye Warehouse,Rainmaker on The Reef,Tower Control on Snapper Canal
ıиκΩOmega,Tekkadan,Tower Control on Walleye Warehouse,Rainmaker on MakoMart,Splat Zones on Humpback Pump Track,Tower Control on Musselforge Fitness,Rainmaker on Sturgeon Shipyard,Splat Zones on Starfish Mainstage,Tower Control on Blackbelly Skatepark,Rainmaker on Piranha Pit,Splat Zones on Manta Maria
INKZeta,OverFlow,Rainmaker on Starfish Mainstage,Splat Zones on Shellendorf Institute,Tower Control on Blackbelly Skatepark,Clam Blitz on Manta Maria,Rainmaker on Humpback Pump Track,Splat Zones on Musselforge Fitness,Tower Control on The Reef,Clam Blitz on MakoMart,Rainmaker on Port Mackerel
All The Way NA,Sunken Hope,Rainmaker on Musselforge Fitness,Tower Control on Kelp Dome,Splat Zones on Blackbelly Skatepark,Rainmaker on Piranha Pit,Tower Control on Humpback Pump Track,Splat Zones on Manta Maria,Rainmaker on Walleye Warehouse,Tower Control on Goby Arena,Splat Zones on Port Mackerel
Sleeping With the Squids,Killer Bees,Rainmaker on Kelp Dome,Splat Zones on The Reef,Clam Blitz on Moray Towers,Tower Control on Goby Arena,Rainmaker on Inkblot Art Academy,Splat Zones on Port Mackerel,Clam Blitz on Manta Maria,Tower Control on Starfish Mainstage,Rainmaker on Musselforge Fitness
いんふすく | InfSq,INKZeta,Clam Blitz on Goby Arena,Splat Zones on MakoMart,Rainmaker on Humpback Pump Track,Tower Control on Musselforge Fitness,Clam Blitz on Manta Maria,Splat Zones on Snapper Canal,Rainmaker on Shellendorf Institute,Tower Control on Piranha Pit,Clam Blitz on The Reef
Squidlett Overdrive,ıиκΩOmega,Splat Zones on Blackbelly Skatepark,Tower Control on MakoMart,Rainmaker on Sturgeon Shipyard,Splat Zones on The Reef,Tower Control on Snapper Canal,Rainmaker on Starfish Mainstage,Splat Zones on Moray Towers,Tower Control on Port Mackerel,Rainmaker on Walleye Warehouse
Annaki!,Miruku,Tower Control on MakoMart,Rainmaker on Walleye Warehouse,Clam Blitz on Snapper Canal,Splat Zones on Shellendorf Institute,Tower Control on Manta Maria,Rainmaker on Inkblot Art Academy,Clam Blitz on Starfish Mainstage,Splat Zones on Kelp Dome,Tower Control on Sturgeon Shipyard
Depth First Squids,Yurika,Splat Zones on Starfish Mainstage,Tower Control on Musselforge Fitness,Splat Zones on Manta Maria,Tower Control on Humpback Pump Track,Splat Zones on Shellendorf Institute,Tower Control on Goby Arena,Splat Zones on Moray Towers,Tower Control on MakoMart,Splat Zones on Snapper Canal
Squid Armada,All The Way NA,Splat Zones on Walleye Warehouse,Tower Control on The Reef,Rainmaker on Shellendorf Institute,Splat Zones on Goby Arena,Tower Control on Piranha Pit,Rainmaker on Sturgeon Shipyard,Splat Zones on Manta Maria,Tower Control on Blackbelly Skatepark,Rainmaker on Moray Towers
Calamity Forge,Endless Oceans,Splat Zones on Walleye Warehouse,Rainmaker on Snapper Canal,Splat Zones on Port Mackerel,Rainmaker on The Reef,Splat Zones on Humpback Pump Track,Rainmaker on Manta Maria,Splat Zones on Inkblot Art Academy,Rainmaker on Sturgeon Shipyard,Splat Zones on Shellendorf Institute
Planet Mars,Sleeping With the Squids,Rainmaker on Walleye Warehouse,Splat Zones on Snapper Canal,Tower Control on MakoMart,Clam Blitz on Humpback Pump Track,Rainmaker on Blackbelly Skatepark,Splat Zones on Moray Towers,Tower Control on Inkblot Art Academy,Clam Blitz on Piranha Pit,Rainmaker on Shellendorf Institute
Divine Nerd Squad,いんふすく | InfSq,Clam Blitz on Starfish Mainstage,Tower Control on Sturgeon Shipyard,Splat Zones on Musselforge Fitness,Clam Blitz on Manta Maria,Tower Control on Piranha Pit,Splat Zones on Moray Towers,Clam Blitz on Walleye Warehouse,Tower Control on Kelp Dome,Splat Zones on Humpback Pump Track
☆All Star Squad☆,Toxic Revolution,Rainmaker on Sturgeon Shipyard,Tower Control on Moray Towers,Splat Zones on Blackbelly Skatepark,Rainmaker on The Reef,Tower Control on Snapper Canal,Splat Zones on Starfish Mainstage,Rainmaker on Shellendorf Institute,Tower Control on Musselforge Fitness,Splat Zones on Piranha Pit
Mörder Squid,Planet Mars,Rainmaker on Shellendorf Institute,Splat Zones on Manta Maria,Tower Control on Port Mackerel,Rainmaker on Kelp Dome,Splat Zones on Inkblot Art Academy,Tower Control on Starfish Mainstage,Rainmaker on The Reef,Splat Zones on Snapper Canal,Tower Control on Humpback Pump Track
Watch Me Whiprays,Divine Nerd Squad,Splat Zones on Piranha Pit,Clam Blitz on Humpback Pump Track,Tower Control on Starfish Mainstage,Splat Zones on Manta Maria,Clam Blitz on The Reef,Tower Control on Shellendorf Institute,Splat Zones on Inkblot Art Academy,Clam Blitz on Port Mackerel,Tower Control on Walleye Warehouse
Dynasty,Annaki!,Clam Blitz on Moray Towers,Tower Control on Piranha Pit,Rainmaker on Sturgeon Shipyard,Splat Zones on Inkblot Art Academy,Clam Blitz on The Reef,Tower Control on Musselforge Fitness,Rainmaker on Starfish Mainstage,Splat Zones on Blackbelly Skatepark,Clam Blitz on Port Mackerel
Not Your Average,Dynasty,Tower Control on Manta Maria,Rainmaker on Starfish Mainstage,Clam Blitz on Walleye Warehouse,Splat Zones on Moray Towers,Tower Control on Piranha Pit,Rainmaker on Shellendorf Institute,Clam Blitz on Sturgeon Shipyard,Splat Zones on Humpback Pump Track,Tower Control on Inkblot Art Academy
Painmakers,Not Your Average,Clam Blitz on Moray Towers,Tower Control on Walleye Warehouse,Rainmaker on Goby Arena,Splat Zones on Snapper Canal,Clam Blitz on Kelp Dome,Tower Control on Inkblot Art Academy,Rainmaker on Sturgeon Shipyard,Splat Zones on Piranha Pit,Clam Blitz on Humpback Pump Track
Nitro,Squidlett Overdrive,Tower Control on Blackbelly Skatepark,Rainmaker on Walleye Warehouse,Splat Zones on Piranha Pit,Tower Control on Musselforge Fitness,Rainmaker on Moray Towers,Splat Zones on Manta Maria,Tower Control on MakoMart,Rainmaker on Shellendorf Institute,Splat Zones on Sturgeon Shipyard
Blink Gaming,Watch Me Whiprays,Clam Blitz on Kelp Dome,Tower Control on Port Mackerel,Splat Zones on The Reef,Rainmaker on Manta Maria,Clam Blitz on Starfish Mainstage,Tower Control on Moray Towers,Splat Zones on Humpback Pump Track,Rainmaker on MakoMart,Clam Blitz on Goby Arena
The Sea Words,Depth First Squids,Splat Zones on Shellendorf Institute,Rainmaker on Walleye Warehouse,Tower Control on Goby Arena,Splat Zones on Port Mackerel,Rainmaker on Musselforge Fitness,Tower Control on Snapper Canal,Splat Zones on Blackbelly Skatepark,Rainmaker on Inkblot Art Academy,Tower Control on Sturgeon Shipyard
Violet Xenon,Calamity Forge,Rainmaker on MakoMart,Splat Zones on Kelp Dome,Tower Control on Port Mackerel,Rainmaker on Manta Maria,Splat Zones on Walleye Warehouse,Tower Control on Musselforge Fitness,Rainmaker on Goby Arena,Splat Zones on Inkblot Art Academy,Tower Control on Sturgeon Shipyard
Raging Ink,ViceVersa,Tower Control on Goby Arena,Rainmaker on Moray Towers,Splat Zones on Manta Maria,Tower Control on Piranha Pit,Rainmaker on Starfish Mainstage,Splat Zones on Kelp Dome,Tower Control on MakoMart,Rainmaker on Shellendorf Institute,Splat Zones on Port Mackerel
Salty Sisters,Day Old Sushi,Tower Control on Snapper Canal,Rainmaker on MakoMart,Clam Blitz on Blackbelly Skatepark,Splat Zones on Port Mackerel,Tower Control on Walleye Warehouse,Rainmaker on Starfish Mainstage,Clam Blitz on Goby Arena,Splat Zones on Manta Maria,Tower Control on Piranha Pit
Arctic Fury,☆All Star Squad☆,Splat Zones on Port Mackerel,Tower Control on Starfish Mainstage,Rainmaker on Musselforge Fitness,Splat Zones on Piranha Pit,Tower Control on Goby Arena,Rainmaker on The Reef,Splat Zones on Inkblot Art Academy,Tower Control on Walleye Warehouse,Rainmaker on MakoMart
Chikara,Pandora,Rainmaker on Piranha Pit,Splat Zones on Inkblot Art Academy,Tower Control on Musselforge Fitness,Rainmaker on Humpback Pump Track,Splat Zones on MakoMart,Tower Control on Manta Maria,Rainmaker on The Reef,Splat Zones on Starfish Mainstage,Tower Control on Kelp Dome
El Firmament,Chikara,Tower Control on The Reef,Splat Zones on Moray Towers,Tower Control on Walleye Warehouse,Splat Zones on Blackbelly Skatepark,Tower Control on Piranha Pit,Splat Zones on Sturgeon Shipyard,Tower Control on Port Mackerel,Splat Zones on Manta Maria,Tower Control on Humpback Pump Track
Emphatic,El Firmament,Splat Zones on Port Mackerel,Tower Control on The Reef,Clam Blitz on Sturgeon Shipyard,Splat Zones on Musselforge Fitness,Tower Control on Moray Towers,Clam Blitz on Walleye Warehouse,Splat Zones on Manta Maria,Tower Control on Piranha Pit,Clam Blitz on Starfish Mainstage
Team S4,Spanish Army,Tower Control on Inkblot Art Academy,Splat Zones on Manta Maria,Rainmaker on Blackbelly Skatepark,Tower Control on Kelp Dome,Splat Zones on The Reef,Rainmaker on Sturgeon Shipyard,Tower Control on Port Mackerel,Splat Zones on Walleye Warehouse,Rainmaker on Piranha Pit
Inklings Team,Squidding Good,Rainmaker on Walleye Warehouse,Clam Blitz on Starfish Mainstage,Splat Zones on Goby Arena,Rainmaker on Moray Towers,Clam Blitz on Musselforge Fitness,Splat Zones on Humpback Pump Track,Rainmaker on Shellendorf Institute,Clam Blitz on MakoMart,Splat Zones on Piranha Pit
Oblivion,Emphatic,Splat Zones on Manta Maria,Clam Blitz on Shellendorf Institute,Tower Control on Sturgeon Shipyard,Splat Zones on Moray Towers,Clam Blitz on Snapper Canal,Tower Control on Starfish Mainstage,Splat Zones on Kelp Dome,Clam Blitz on Walleye Warehouse,Tower Control on Goby Arena
C Sharp,Team S4,Splat Zones on Walleye Warehouse,Tower Control on Musselforge Fitness,Splat Zones on MakoMart,Tower Control on Snapper Canal,Splat Zones on Goby Arena,Tower Control on Humpback Pump Track,Splat Zones on The Reef,Tower Control on Starfish Mainstage,Splat Zones on Inkblot Art Academy
Hexagone,Inklings Team,Splat Zones on Piranha Pit,Clam Blitz on Blackbelly Skatepark,Rainmaker on Moray Towers,Splat Zones on The Reef,Clam Blitz on Sturgeon Shipyard,Rainmaker on Shellendorf Institute,Splat Zones on Musselforge Fitness,Clam Blitz on Starfish Mainstage,Rainmaker on Manta Maria
ıиκ αlpha,Hexagone,Tower Control on Manta Maria,Splat Zones on MakoMart,Rainmaker on Goby Arena,Tower Control on Sturgeon Shipyard,Splat Zones on Inkblot Art Academy,Rainmaker on Snapper Canal,Tower Control on Moray Towers,Splat Zones on Walleye Warehouse,Rainmaker on Musselforge Fitness
Imagine Squids,Rising Moon,Splat Zones on Humpback Pump Track,Tower Control on Starfish Mainstage,Splat Zones on Piranha Pit,Tower Control on Goby Arena,Splat Zones on Inkblot Art Academy,Tower Control on MakoMart,Splat Zones on Moray Towers,Tower Control on Kelp Dome,Splat Zones on Port Mackerel
No Christmas Without Caviar,ετεяηαl gεмιηι,Tower Control on Goby Arena,Turf War on Manta Maria,Rainmaker on Starfish Mainstage,Splat Zones on MakoMart,Tower Control on Sturgeon Shipyard,Turf War on Snapper Canal,Rainmaker on Kelp Dome,Splat Zones on Blackbelly Skatepark,Tower Control on The Reef
PainTShock,Element Tuzki,Clam Blitz on MakoMart,Tower Control on Inkblot Art Academy,Rainmaker on Sturgeon Shipyard,Splat Zones on Snapper Canal,Clam Blitz on Port Mackerel,Tower Control on Kelp Dome,Rainmaker on Piranha Pit,Splat Zones on Goby Arena,Clam Blitz on Manta Maria
Argos,Cactus,Clam Blitz on Starfish Mainstage,Splat Zones on Goby Arena,Tower Control on MakoMart,Clam Blitz on Snapper Canal,Splat Zones on Port Mackerel,Tower Control on Blackbelly Skatepark,Clam Blitz on Moray Towers,Splat Zones on Inkblot Art Academy,Tower Control on Musselforge Fitness
Team Olive,Oblivion,Tower Control on MakoMart,Clam Blitz on Shellendorf Institute,Splat Zones on Musselforge Fitness,Tower Control on Sturgeon Shipyard,Clam Blitz on Blackbelly Skatepark,Splat Zones on Kelp Dome,Tower Control on Port Mackerel,Clam Blitz on Piranha Pit,Splat Zones on Humpback Pump Track
Project,4th Legion,Rainmaker on Starfish Mainstage,Splat Zones on The Reef,Tower Control on Inkblot Art Academy,Rainmaker on Manta Maria,Splat Zones on Moray Towers,Tower Control on Musselforge Fitness,Rainmaker on Walleye Warehouse,Splat Zones on MakoMart,Tower Control on Shellendorf Institute
Hadès Extrion,Ghiblink,Tower Control on Port Mackerel,Splat Zones on Shellendorf Institute,Rainmaker on Blackbelly Skatepark,Tower Control on Kelp Dome,Splat Zones on Humpback Pump Track,Rainmaker on Snapper Canal,Tower Control on Musselforge Fitness,Splat Zones on Manta Maria,Rainmaker on Goby Arena
Stay Fresh,C Sharp,Splat Zones on Musselforge Fitness,Tower Control on Shellendorf Institute,Splat Zones on Inkblot Art Academy,Tower Control on Blackbelly Skatepark,Splat Zones on MakoMart,Tower Control on Walleye Warehouse,Splat Zones on Moray Towers,Tower Control on Sturgeon Shipyard,Splat Zones on Snapper Canal
Polarized,Blooper Ink,Splat Zones on MakoMart,Clam Blitz on Musselforge Fitness,Tower Control on Walleye Warehouse,Rainmaker on Snapper Canal,Splat Zones on The Reef,Clam Blitz on Humpback Pump Track,Tower Control on Manta Maria,Rainmaker on Sturgeon Shipyard,Splat Zones on Moray Towers
PriZm,Team NoVC,Rainmaker on Inkblot Art Academy,Splat Zones on Musselforge Fitness,Tower Control on Humpback Pump Track,Rainmaker on Manta Maria,Splat Zones on Piranha Pit,Tower Control on Blackbelly Skatepark,Rainmaker on Snapper Canal,Splat Zones on Sturgeon Shipyard,Tower Control on Goby Arena
ClanŁess,ıиκ αlpha,Tower Control on Kelp Dome,Splat Zones on Port Mackerel,Rainmaker on Piranha Pit,Tower Control on Blackbelly Skatepark,Splat Zones on Inkblot Art Academy,Rainmaker on MakoMart,Tower Control on Walleye Warehouse,Splat Zones on Sturgeon Shipyard,Rainmaker on Snapper Canal
Wings Of Pegasus,PainTShock,Rainmaker on Shellendorf Institute,Splat Zones on Humpback Pump Track,Clam Blitz on Goby Arena,Tower Control on Port Mackerel,Rainmaker on Blackbelly Skatepark,Splat Zones on MakoMart,Clam Blitz on Moray Towers,Tower Control on Manta Maria,Rainmaker on Musselforge Fitness
